Ticker,PC1,PC2,Cluster,HC_Cluster,Company,Sector
ACCP,0.17621073337715074,-0.11738823831270076,1,4,Accor,Consumer Discretionary
AIRP,0.16978165175877802,0.14577338875178827,0,2,Airbus,Industrials
AIR,0.1791361121216457,-0.11136407136942048,1,4,Air Liquide,Materials
AXAF,0.19373382622112845,-0.1348746758463073,1,4,AXA,Financials
BNPP,0.19268654197115587,-0.19449513613799338,1,4,BNP Paribas,Financials
BOUY,0.18021200684751448,-0.16112753916420178,1,4,Bouygues,Industrials
BVI,0.16196830660120762,0.09451379969472706,0,2,Bureau Veritas,Industrials
CAGR,0.1884699553345943,-0.20565524443580507,1,4,Crédit Agricole,Financials
CAPP,0.16048585367424464,0.16531084981436794,0,2,Capgemini,Information Technology
CARR,0.09449130258913445,-0.1054873490751484,1,4,Carrefour,Consumer Staples
DANO,0.10969684095701991,0.018859619088738972,3,3,Danone,Consumer Staples
DAST,0.1219215719043019,0.31142089893836633,2,1,Dassault Systèmes,Information Technology
EDEN,0.1369541128711458,0.0023273736729342385,3,3,Edenred,Industrials
ENGIE,0.14793424355247412,-0.10715117525942892,1,4,Engie,Utilities
ESLX,0.16147488462649498,0.14492965708274638,0,2,EssilorLuxottica,Health Care
EUFI,0.08172598868546234,0.23940564374238898,2,1,Eurofins Scientific,Health Care
HRMS,0.1532420457628112,0.303249422142655,2,1,Hermès,Consumer Discretionary
LEGD,0.16743276918990402,0.12683215351554397,0,2,Legrand,Industrials
LVMH,0.1732459189662091,0.23273029432739928,2,2,LVMH,Consumer Discretionary
MICP,0.16984558570487757,-0.021264159346807594,3,3,Michelin,Consumer Discretionary
MT,0.17085991689424468,-0.07326268047385526,3,4,ArcelorMittal,Materials
ORAN,0.10176583611017552,-0.16430494556780234,1,4,Orange,Communication Services
OREP,0.1481486306343996,0.27274855424609906,2,1,Orpea,Health Care
PERP,0.13697667690183002,0.20910909041908915,2,2,Pernod Ricard,Consumer Staples
PRTP,0.15985023675474602,0.18948050056569454,0,2,Kering,Consumer Discretionary
PUBP,0.15703764145374657,-0.05646158011479649,3,3,Publicis Groupe,Communication Services
RENA,0.1682645379680372,-0.15633358372354186,1,4,Renault,Consumer Discretionary
SAF,0.18238476031032536,-0.08416059199200703,3,4,Safran,Industrials
SASY,0.08619321455588926,0.05694791223688657,0,3,Sanofi,Health Care
SCHN,0.18015694121048778,0.1455433209172049,0,2,Schneider Electric,Industrials
SGEF,0.19733877838267855,-0.10780804317002458,1,4,Société Générale,Financials
SGOB,0.19035607640646515,0.008512151683282275,3,3,Saint-Gobain,Industrials
SOGN,0.18500994702978216,-0.21628589082165475,1,4,Sodexo,Industrials
STLA,0.1787189281601378,-0.045639160253924185,3,3,Stellantis,Consumer Discretionary
STMPA,0.15306624056245166,0.13758913346734236,0,2,STMicroelectronics,Information Technology
TCFP,0.11553636656817978,-0.14452133593129818,1,4,Teleperformance,Industrials
TEPRF,0.09675341164119988,0.14479789667317167,0,2,Thales,Industrials
TTEF,0.15555208766642106,-0.19459421228584975,1,4,TotalEnergies,Energy
URW,0.14650149525107678,-0.16073338062208298,1,4,Unibail-Rodamco-Westfield,Real Estate
VIE,0.16942726464373203,-0.023064327279607225,3,3,Veolia,Utilities
